Insertion Order,Insertion Order ID,Insertion Order Status,Insertion Order Integration Code,Line Item,Line Item ID,Line Item Status,Line Item Integration Code,Targeted Data Providers,Conversion Pixel,Conversion Pixel ID,Conversion Pixel DCM ID,Conversion Pixel Status,Conversion Pixel Integration Code,Advertiser Currency,Impressions,Active View: Measurable Impressions,Active View: Viewable Impressions,Clicks,Total Conversions,Revenue (Adv Currency)
O-ML40_2016_Aviva_Car Insurance_Non-Customers_Retargeting_November,2712512,Paused,O-ML40,Aviva_REM_Site REM_AD_CPA_DMP_DMP_RTB_Non-Existing Customers_End Quote 24 Hours,9110644,Active,PCHC9B,,Total,,,,,GBP,641142,625947,237877,135,1040.00,2217.876995
O-ML40_2016_Aviva_Car Insurance_Non-Customers_Retargeting_November,2712512,Paused,O-ML40,Aviva_REM_Site REM_AD_CPA_DMP_DMP_RTB_Non-Existing Customers_End Quote 24 Hours,9110644,Active,PCHC9B,,NS CI Quote Confirm FL,167781,320216,Active,,GBP,0,0,0,0,942.00,0.000000
O-ML40_2016_Aviva_Car Insurance_Non-Customers_Retargeting_November,2712512,Paused,O-ML40,Aviva_REM_Site REM_AD_CPA_DMP_DMP_RTB_Non-Existing Customers_End Quote 24 Hours,9110644,Active,PCHC9B,,NS CI Sales Confirm FL,167782,320217,Active,,GBP,0,0,0,0,98.00,0.000000
O-ML40_2016_Aviva_Car Insurance_Non-Customers_Retargeting_November,2712512,Paused,O-ML40,Aviva_REM_Site REM_AD_CPA_DMP_DMP_RTB_Non-Existing Customers_End Quote 24-48 Hours,9110645,Active,PCHC9B,,Total,,,,,GBP,103816,101214,36822,22,375.00,343.607117
O-ML40_2016_Aviva_Car Insurance_Non-Customers_Retargeting_November,2712512,Paused,O-ML40,Aviva_REM_Site REM_AD_CPA_DMP_DMP_RTB_Non-Existing Customers_End Quote 24-48 Hours,9110645,Active,PCHC9B,,NS CI Quote Confirm FL,167781,320216,Active,,GBP,0,0,0,0,348.00,0.000000
O-ML40_2016_Aviva_Car Insurance_Non-Customers_Retargeting_November,2712512,Paused,O-ML40,Aviva_REM_Site REM_AD_CPA_DMP_DMP_RTB_Non-Existing Customers_End Quote 24-48 Hours,9110645,Active,PCHC9B,,NS CI Sales Confirm FL,167782,320217,Active,,GBP,0,0,0,0,27.00,0.000000
O-ML40_2016_Aviva_Car Insurance_Non-Customers_Retargeting_November,2712512,Paused,O-ML40,Aviva_REM_Site REM_AD_CPA_DMP_DMP_RTB_Non-Existing Customers_End Quote >48 Hours,9110646,Active,PCHC9B,,Total,,,,,GBP,347719,339382,122695,47,360.00,970.615091
O-ML40_2016_Aviva_Car Insurance_Non-Customers_Retargeting_November,2712512,Paused,O-ML40,Aviva_REM_Site REM_AD_CPA_DMP_DMP_RTB_Non-Existing Customers_End Quote >48 Hours,9110646,Active,PCHC9B,,NS CI Quote Confirm FL,167781,320216,Active,,GBP,0,0,0,0,334.00,0.000000
O-ML40_2016_Aviva_Car Insurance_Non-Customers_Retargeting_November,2712512,Paused,O-ML40,Aviva_REM_Site REM_AD_CPA_DMP_DMP_RTB_Non-Existing Customers_End Quote >48 Hours,9110646,Active,PCHC9B,,NS CI Sales Confirm FL,167782,320217,Active,,GBP,0,0,0,0,26.00,0.000000
O-ML40_2016_Aviva_Car Insurance_Non-Customers_Retargeting_November,2712512,Paused,O-ML40,Aviva_REM_Site REM_AD_CPA_DMP_DMP_RTB_Non-Existing Customers_Start Quote >24 Hours,9110653,Active,PCHC9B,,Total,,,,,GBP,569914,552528,212316,111,193.00,1450.517844
O-ML40_2016_Aviva_Car Insurance_Non-Customers_Retargeting_November,2712512,Paused,O-ML40,Aviva_REM_Site REM_AD_CPA_DMP_DMP_RTB_Non-Existing Customers_Start Quote >24 Hours,9110653,Active,PCHC9B,,NS CI Quote Confirm FL,167781,320216,Active,,GBP,0,0,0,0,188.00,0.000000
O-ML40_2016_Aviva_Car Insurance_Non-Customers_Retargeting_November,2712512,Paused,O-ML40,Aviva_REM_Site REM_AD_CPA_DMP_DMP_RTB_Non-Existing Customers_Start Quote >24 Hours,9110653,Active,PCHC9B,,NS CI Sales Confirm FL,167782,320217,Active,,GBP,0,0,0,0,5.00,0.000000
O-ML40_2016_Aviva_Car Insurance_Non-Customers_Retargeting_November,2712512,Paused,O-ML40,Aviva_REM_Site REM_AD_CPA_DMP_DMP_RTB_Non-Existing Customers_Start Quote 24 Hours,9110655,Active,PCHC9B,,Total,,,,,GBP,295138,289271,106981,90,495.00,852.186931
O-ML40_2016_Aviva_Car Insurance_Non-Customers_Retargeting_November,2712512,Paused,O-ML40,Aviva_REM_Site REM_AD_CPA_DMP_DMP_RTB_Non-Existing Customers_Start Quote 24 Hours,9110655,Active,PCHC9B,,NS CI Quote Confirm FL,167781,320216,Active,,GBP,0,0,0,0,440.00,0.000000
O-ML40_2016_Aviva_Car Insurance_Non-Customers_Retargeting_November,2712512,Paused,O-ML40,Aviva_REM_Site REM_AD_CPA_DMP_DMP_RTB_Non-Existing Customers_Start Quote 24 Hours,9110655,Active,PCHC9B,,NS CI Sales Confirm FL,167782,320217,Active,,GBP,0,0,0,0,55.00,0.000000
O-ML40_2016_Aviva_Car Insurance_Non-Customers_Retargeting_November,2712512,Paused,O-ML40,Aviva_REM_Site REM_AD_CPA_DMP_DMP_RTB_Non-Existing Customers_Car Product Pages,9110656,Active,PCHC9B,,Total,,,,,GBP,186719,180822,69207,92,92.00,408.821852
O-ML40_2016_Aviva_Car Insurance_Non-Customers_Retargeting_November,2712512,Paused,O-ML40,Aviva_REM_Site REM_AD_CPA_DMP_DMP_RTB_Non-Existing Customers_Car Product Pages,9110656,Active,PCHC9B,,NS CI Quote Confirm FL,167781,320216,Active,,GBP,0,0,0,0,85.00,0.000000
O-ML40_2016_Aviva_Car Insurance_Non-Customers_Retargeting_November,2712512,Paused,O-ML40,Aviva_REM_Site REM_AD_CPA_DMP_DMP_RTB_Non-Existing Customers_Car Product Pages,9110656,Active,PCHC9B,,NS CI Sales Confirm FL,167782,320217,Active,,GBP,0,0,0,0,7.00,0.000000
O-ML40_2016_Aviva_Car Insurance_Non-Customers_Retargeting_November,2712512,Paused,O-ML40,Aviva_REM_Site REM_AD_CPA_DMP_DMP_RTB_Non-Existing Customers_In Market,9110661,Active,PCHC9B,BlueKai eXelate CrossPixel Lotame VisualDNA Eyeota SIRdata,Total,,,,,GBP,960,929,317,0,0.00,3.155332
O-ML40_2016_Aviva_Car Insurance_Non-Customers_Retargeting_November,2712512,Paused,O-ML40,Aviva_REM_Site REM_AD_CPA_DMP_DMP_RTB_Non-Existing Customers_Car Product Pages_AV>50%,9110669,Active,PCHC9B,,Total,,,,,GBP,85606,84242,59659,71,52.00,188.734502
O-ML40_2016_Aviva_Car Insurance_Non-Customers_Retargeting_November,2712512,Paused,O-ML40,Aviva_REM_Site REM_AD_CPA_DMP_DMP_RTB_Non-Existing Customers_Car Product Pages_AV>50%,9110669,Active,PCHC9B,,NS CI Quote Confirm FL,167781,320216,Active,,GBP,0,0,0,0,49.00,0.000000
O-ML40_2016_Aviva_Car Insurance_Non-Customers_Retargeting_November,2712512,Paused,O-ML40,Aviva_REM_Site REM_AD_CPA_DMP_DMP_RTB_Non-Existing Customers_Car Product Pages_AV>50%,9110669,Active,PCHC9B,,NS CI Sales Confirm FL,167782,320217,Active,,GBP,0,0,0,0,3.00,0.000000
O-ML40_2016_Aviva_Car Insurance_Non-Customers_Retargeting_November,2712512,Paused,O-ML40,Aviva_REM_Site REM_AD_CPA_DMP_DMP_RTB_Non-Existing Customers_End Quote 24 Hours_AV>50%,9110670,Active,PCHC9B,,Total,,,,,GBP,259622,256717,182084,128,443.00,910.551250
O-ML40_2016_Aviva_Car Insurance_Non-Customers_Retargeting_November,2712512,Paused,O-ML40,Aviva_REM_Site REM_AD_CPA_DMP_DMP_RTB_Non-Existing Customers_End Quote 24 Hours_AV>50%,9110670,Active,PCHC9B,,NS CI Quote Confirm FL,167781,320216,Active,,GBP,0,0,0,0,385.00,0.000000
O-ML40_2016_Aviva_Car Insurance_Non-Customers_Retargeting_November,2712512,Paused,O-ML40,Aviva_REM_Site REM_AD_CPA_DMP_DMP_RTB_Non-Existing Customers_End Quote 24 Hours_AV>50%,9110670,Active,PCHC9B,,NS CI Sales Confirm FL,167782,320217,Active,,GBP,0,0,0,0,58.00,0.000000
O-ML40_2016_Aviva_Car Insurance_Non-Customers_Retargeting_November,2712512,Paused,O-ML40,Aviva_REM_Site REM_AD_CPA_DMP_DMP_RTB_Non-Existing Customers_End Quote 24-48 Hours_AV>50%,9110671,Active,PCHC9B,,Total,,,,,GBP,59170,58405,41203,35,160.00,209.156098
O-ML40_2016_Aviva_Car Insurance_Non-Customers_Retargeting_November,2712512,Paused,O-ML40,Aviva_REM_Site REM_AD_CPA_DMP_DMP_RTB_Non-Existing Customers_End Quote 24-48 Hours_AV>50%,9110671,Active,PCHC9B,,NS CI Quote Confirm FL,167781,320216,Active,,GBP,0,0,0,0,144.00,0.000000
O-ML40_2016_Aviva_Car Insurance_Non-Customers_Retargeting_November,2712512,Paused,O-ML40,Aviva_REM_Site REM_AD_CPA_DMP_DMP_RTB_Non-Existing Customers_End Quote 24-48 Hours_AV>50%,9110671,Active,PCHC9B,,NS CI Sales Confirm FL,167782,320217,Active,,GBP,0,0,0,0,16.00,0.000000
O-ML40_2016_Aviva_Car Insurance_Non-Customers_Retargeting_November,2712512,Paused,O-ML40,Aviva_REM_Site REM_AD_CPA_DMP_DMP_RTB_Non-Existing Customers_End Quote >48 Hours_AV>50%,9110672,Active,PCHC9B,,Total,,,,,GBP,615750,608739,419188,237,566.00,1965.971687
O-ML40_2016_Aviva_Car Insurance_Non-Customers_Retargeting_November,2712512,Paused,O-ML40,Aviva_REM_Site REM_AD_CPA_DMP_DMP_RTB_Non-Existing Customers_End Quote >48 Hours_AV>50%,9110672,Active,PCHC9B,,NS CI Quote Confirm FL,167781,320216,Active,,GBP,0,0,0,0,523.00,0.000000
O-ML40_2016_Aviva_Car Insurance_Non-Customers_Retargeting_November,2712512,Paused,O-ML40,Aviva_REM_Site REM_AD_CPA_DMP_DMP_RTB_Non-Existing Customers_End Quote >48 Hours_AV>50%,9110672,Active,PCHC9B,,NS CI Sales Confirm FL,167782,320217,Active,,GBP,0,0,0,0,43.00,0.000000
O-ML40_2016_Aviva_Car Insurance_Non-Customers_Retargeting_November,2712512,Paused,O-ML40,Aviva_REM_Site REM_AD_CPA_DMP_DMP_RTB_Non-Existing Customers_Start Quote 24 Hours_AV>50%,9110673,Active,PCHC9B,,Total,,,,,GBP,119199,117995,83427,60,231.00,351.204661
O-ML40_2016_Aviva_Car Insurance_Non-Customers_Retargeting_November,2712512,Paused,O-ML40,Aviva_REM_Site REM_AD_CPA_DMP_DMP_RTB_Non-Existing Customers_Start Quote 24 Hours_AV>50%,9110673,Active,PCHC9B,,NS CI Quote Confirm FL,167781,320216,Active,,GBP,0,0,0,0,208.00,0.000000
O-ML40_2016_Aviva_Car Insurance_Non-Customers_Retargeting_November,2712512,Paused,O-ML40,Aviva_REM_Site REM_AD_CPA_DMP_DMP_RTB_Non-Existing Customers_Start Quote 24 Hours_AV>50%,9110673,Active,PCHC9B,,NS CI Sales Confirm FL,167782,320217,Active,,GBP,0,0,0,0,23.00,0.000000
O-ML40_2016_Aviva_Car Insurance_Non-Customers_Retargeting_November,2712512,Paused,O-ML40,Aviva_REM_Site REM_AD_CPA_DMP_DMP_RTB_Non-Existing Customers_Start Quote >24 Hours_AV>50%,9110674,Active,PCHC9B,,Total,,,,,GBP,420382,414851,282797,182,120.00,1101.973698
O-ML40_2016_Aviva_Car Insurance_Non-Customers_Retargeting_November,2712512,Paused,O-ML40,Aviva_REM_Site REM_AD_CPA_DMP_DMP_RTB_Non-Existing Customers_Start Quote >24 Hours_AV>50%,9110674,Active,PCHC9B,,NS CI Quote Confirm FL,167781,320216,Active,,GBP,0,0,0,0,113.00,0.000000
O-ML40_2016_Aviva_Car Insurance_Non-Customers_Retargeting_November,2712512,Paused,O-ML40,Aviva_REM_Site REM_AD_CPA_DMP_DMP_RTB_Non-Existing Customers_Start Quote >24 Hours_AV>50%,9110674,Active,PCHC9B,,NS CI Sales Confirm FL,167782,320217,Active,,GBP,0,0,0,0,7.00,0.000000
O-ML40_2016_Aviva_Car Insurance_Non-Customers_Retargeting_November,2712512,Paused,O-ML40,Aviva_REM_Site REM_AD_CPA_DMP_DMP_RTB_Non-Existing Customers_In Market_AV>50%,9110675,Active,PCHC9B,BlueKai eXelate CrossPixel Lotame VisualDNA Eyeota SIRdata,Total,,,,,GBP,609,604,423,0,0.00,2.283246
O-N4YG_2016_Aviva_Car Insurance_Non-Customers_Retargeting_December,2806250,Paused,O-N4YG,Aviva_REM_Site REM_AD_CPA_DMP_DMP_RTB_Non-Existing Customers_Car Product Pages,9444741,Active,PCVX37,,Total,,,,,GBP,23772,23027,8154,7,6.00,52.315651
O-N4YG_2016_Aviva_Car Insurance_Non-Customers_Retargeting_December,2806250,Paused,O-N4YG,Aviva_REM_Site REM_AD_CPA_DMP_DMP_RTB_Non-Existing Customers_Car Product Pages,9444741,Active,PCVX37,,NS CI Quote Confirm FL,167781,320216,Active,,GBP,0,0,0,0,5.00,0.000000
O-N4YG_2016_Aviva_Car Insurance_Non-Customers_Retargeting_December,2806250,Paused,O-N4YG,Aviva_REM_Site REM_AD_CPA_DMP_DMP_RTB_Non-Existing Customers_Car Product Pages,9444741,Active,PCVX37,,NS CI Sales Confirm FL,167782,320217,Active,,GBP,0,0,0,0,1.00,0.000000
O-N4YG_2016_Aviva_Car Insurance_Non-Customers_Retargeting_December,2806250,Paused,O-N4YG,Aviva_REM_Site REM_AD_CPA_DMP_DMP_RTB_Non-Existing Customers_Car Product Pages_AV>50%,9444742,Active,PCVX37,,Total,,,,,GBP,7632,7488,4856,4,0.00,17.429864
O-N4YG_2016_Aviva_Car Insurance_Non-Customers_Retargeting_December,2806250,Paused,O-N4YG,Aviva_REM_Site REM_AD_CPA_DMP_DMP_RTB_Non-Existing Customers_End Quote 24 Hours,9444743,Active,PCVX37,,Total,,,,,GBP,163189,158466,56845,33,291.00,546.176738
O-N4YG_2016_Aviva_Car Insurance_Non-Customers_Retargeting_December,2806250,Paused,O-N4YG,Aviva_REM_Site REM_AD_CPA_DMP_DMP_RTB_Non-Existing Customers_End Quote 24 Hours,9444743,Active,PCVX37,,NS CI Quote Confirm FL,167781,320216,Active,,GBP,0,0,0,0,266.00,0.000000
O-N4YG_2016_Aviva_Car Insurance_Non-Customers_Retargeting_December,2806250,Paused,O-N4YG,Aviva_REM_Site REM_AD_CPA_DMP_DMP_RTB_Non-Existing Customers_End Quote 24 Hours,9444743,Active,PCVX37,,NS CI Sales Confirm FL,167782,320217,Active,,GBP,0,0,0,0,25.00,0.000000
O-N4YG_2016_Aviva_Car Insurance_Non-Customers_Retargeting_December,2806250,Paused,O-N4YG,Aviva_REM_Site REM_AD_CPA_DMP_DMP_RTB_Non-Existing Customers_End Quote 24 Hours_AV>50%,9444744,Active,PCVX37,,Total,,,,,GBP,52224,51433,33423,30,77.00,186.084420
O-N4YG_2016_Aviva_Car Insurance_Non-Customers_Retargeting_December,2806250,Paused,O-N4YG,Aviva_REM_Site REM_AD_CPA_DMP_DMP_RTB_Non-Existing Customers_End Quote 24 Hours_AV>50%,9444744,Active,PCVX37,,NS CI Quote Confirm FL,167781,320216,Active,,GBP,0,0,0,0,65.00,0.000000
O-N4YG_2016_Aviva_Car Insurance_Non-Customers_Retargeting_December,2806250,Paused,O-N4YG,Aviva_REM_Site REM_AD_CPA_DMP_DMP_RTB_Non-Existing Customers_End Quote 24 Hours_AV>50%,9444744,Active,PCVX37,,NS CI Sales Confirm FL,167782,320217,Active,,GBP,0,0,0,0,12.00,0.000000
O-N4YG_2016_Aviva_Car Insurance_Non-Customers_Retargeting_December,2806250,Paused,O-N4YG,Aviva_REM_Site REM_AD_CPA_DMP_DMP_RTB_Non-Existing Customers_End Quote 24-48 Hours,9444745,Active,PCVX37,,Total,,,,,GBP,16137,15549,5399,2,65.00,51.688712
O-N4YG_2016_Aviva_Car Insurance_Non-Customers_Retargeting_December,2806250,Paused,O-N4YG,Aviva_REM_Site REM_AD_CPA_DMP_DMP_RTB_Non-Existing Customers_End Quote 24-48 Hours,9444745,Active,PCVX37,,NS CI Quote Confirm FL,167781,320216,Active,,GBP,0,0,0,0,59.00,0.000000
O-N4YG_2016_Aviva_Car Insurance_Non-Customers_Retargeting_December,2806250,Paused,O-N4YG,Aviva_REM_Site REM_AD_CPA_DMP_DMP_RTB_Non-Existing Customers_End Quote 24-48 Hours,9444745,Active,PCVX37,,NS CI Sales Confirm FL,167782,320217,Active,,GBP,0,0,0,0,6.00,0.000000
O-N4YG_2016_Aviva_Car Insurance_Non-Customers_Retargeting_December,2806250,Paused,O-N4YG,Aviva_REM_Site REM_AD_CPA_DMP_DMP_RTB_Non-Existing Customers_End Quote 24-48 Hours_AV>50%,9444746,Active,PCVX37,,Total,,,,,GBP,7249,7093,4505,2,15.00,26.143033
O-N4YG_2016_Aviva_Car Insurance_Non-Customers_Retargeting_December,2806250,Paused,O-N4YG,Aviva_REM_Site REM_AD_CPA_DMP_DMP_RTB_Non-Existing Customers_End Quote 24-48 Hours_AV>50%,9444746,Active,PCVX37,,NS CI Quote Confirm FL,167781,320216,Active,,GBP,0,0,0,0,13.00,0.000000
O-N4YG_2016_Aviva_Car Insurance_Non-Customers_Retargeting_December,2806250,Paused,O-N4YG,Aviva_REM_Site REM_AD_CPA_DMP_DMP_RTB_Non-Existing Customers_End Quote 24-48 Hours_AV>50%,9444746,Active,PCVX37,,NS CI Sales Confirm FL,167782,320217,Active,,GBP,0,0,0,0,2.00,0.000000
O-N4YG_2016_Aviva_Car Insurance_Non-Customers_Retargeting_December,2806250,Paused,O-N4YG,Aviva_REM_Site REM_AD_CPA_DMP_DMP_RTB_Non-Existing Customers_End Quote >48 Hours,9444747,Active,PCVX37,,Total,,,,,GBP,43554,42088,13668,5,40.00,115.335775
O-N4YG_2016_Aviva_Car Insurance_Non-Customers_Retargeting_December,2806250,Paused,O-N4YG,Aviva_REM_Site REM_AD_CPA_DMP_DMP_RTB_Non-Existing Customers_End Quote >48 Hours,9444747,Active,PCVX37,,NS CI Quote Confirm FL,167781,320216,Active,,GBP,0,0,0,0,37.00,0.000000
O-N4YG_2016_Aviva_Car Insurance_Non-Customers_Retargeting_December,2806250,Paused,O-N4YG,Aviva_REM_Site REM_AD_CPA_DMP_DMP_RTB_Non-Existing Customers_End Quote >48 Hours,9444747,Active,PCVX37,,NS CI Sales Confirm FL,167782,320217,Active,,GBP,0,0,0,0,3.00,0.000000
O-N4YG_2016_Aviva_Car Insurance_Non-Customers_Retargeting_December,2806250,Paused,O-N4YG,Aviva_REM_Site REM_AD_CPA_DMP_DMP_RTB_Non-Existing Customers_End Quote >48 Hours_AV>50%,9444748,Active,PCVX37,,Total,,,,,GBP,123479,121566,77908,50,107.00,412.323864
O-N4YG_2016_Aviva_Car Insurance_Non-Customers_Retargeting_December,2806250,Paused,O-N4YG,Aviva_REM_Site REM_AD_CPA_DMP_DMP_RTB_Non-Existing Customers_End Quote >48 Hours_AV>50%,9444748,Active,PCVX37,,NS CI Quote Confirm FL,167781,320216,Active,,GBP,0,0,0,0,89.00,0.000000
O-N4YG_2016_Aviva_Car Insurance_Non-Customers_Retargeting_December,2806250,Paused,O-N4YG,Aviva_REM_Site REM_AD_CPA_DMP_DMP_RTB_Non-Existing Customers_End Quote >48 Hours_AV>50%,9444748,Active,PCVX37,,NS CI Sales Confirm FL,167782,320217,Active,,GBP,0,0,0,0,18.00,0.000000
O-N4YG_2016_Aviva_Car Insurance_Non-Customers_Retargeting_December,2806250,Paused,O-N4YG,Aviva_REM_Site REM_AD_CPA_DMP_DMP_RTB_Non-Existing Customers_In Market,9444749,Active,PCVX37,BlueKai eXelate CrossPixel Lotame VisualDNA Eyeota SIRdata,Total,,,,,GBP,185,181,51,0,0.00,0.595397
O-N4YG_2016_Aviva_Car Insurance_Non-Customers_Retargeting_December,2806250,Paused,O-N4YG,Aviva_REM_Site REM_AD_CPA_DMP_DMP_RTB_Non-Existing Customers_In Market_AV>50%,9444750,Active,PCVX37,BlueKai eXelate CrossPixel Lotame VisualDNA Eyeota SIRdata,Total,,,,,GBP,63,63,43,0,0.00,0.226606
O-N4YG_2016_Aviva_Car Insurance_Non-Customers_Retargeting_December,2806250,Paused,O-N4YG,Aviva_REM_Site REM_AD_CPA_DMP_DMP_RTB_Non-Existing Customers_Start Quote 24 Hours,9444751,Active,PCVX37,,Total,,,,,GBP,86691,84137,29266,33,118.00,239.197381
O-N4YG_2016_Aviva_Car Insurance_Non-Customers_Retargeting_December,2806250,Paused,O-N4YG,Aviva_REM_Site REM_AD_CPA_DMP_DMP_RTB_Non-Existing Customers_Start Quote 24 Hours,9444751,Active,PCVX37,,NS CI Quote Confirm FL,167781,320216,Active,,GBP,0,0,0,0,112.00,0.000000
O-N4YG_2016_Aviva_Car Insurance_Non-Customers_Retargeting_December,2806250,Paused,O-N4YG,Aviva_REM_Site REM_AD_CPA_DMP_DMP_RTB_Non-Existing Customers_Start Quote 24 Hours,9444751,Active,PCVX37,,NS CI Sales Confirm FL,167782,320217,Active,,GBP,0,0,0,0,6.00,0.000000
O-N4YG_2016_Aviva_Car Insurance_Non-Customers_Retargeting_December,2806250,Paused,O-N4YG,Aviva_REM_Site REM_AD_CPA_DMP_DMP_RTB_Non-Existing Customers_Start Quote 24 Hours_AV>50%,9444752,Active,PCVX37,,Total,,,,,GBP,24424,24021,16285,16,15.00,74.693740
O-N4YG_2016_Aviva_Car Insurance_Non-Customers_Retargeting_December,2806250,Paused,O-N4YG,Aviva_REM_Site REM_AD_CPA_DMP_DMP_RTB_Non-Existing Customers_Start Quote 24 Hours_AV>50%,9444752,Active,PCVX37,,NS CI Quote Confirm FL,167781,320216,Active,,GBP,0,0,0,0,14.00,0.000000
O-N4YG_2016_Aviva_Car Insurance_Non-Customers_Retargeting_December,2806250,Paused,O-N4YG,Aviva_REM_Site REM_AD_CPA_DMP_DMP_RTB_Non-Existing Customers_Start Quote 24 Hours_AV>50%,9444752,Active,PCVX37,,NS CI Sales Confirm FL,167782,320217,Active,,GBP,0,0,0,0,1.00,0.000000
O-N4YG_2016_Aviva_Car Insurance_Non-Customers_Retargeting_December,2806250,Paused,O-N4YG,Aviva_REM_Site REM_AD_CPA_DMP_DMP_RTB_Non-Existing Customers_Start Quote >24 Hours,9444753,Active,PCVX37,,Total,,,,,GBP,196946,187858,61916,46,86.00,499.099684
O-N4YG_2016_Aviva_Car Insurance_Non-Customers_Retargeting_December,2806250,Paused,O-N4YG,Aviva_REM_Site REM_AD_CPA_DMP_DMP_RTB_Non-Existing Customers_Start Quote >24 Hours,9444753,Active,PCVX37,,NS CI Quote Confirm FL,167781,320216,Active,,GBP,0,0,0,0,79.00,0.000000
O-N4YG_2016_Aviva_Car Insurance_Non-Customers_Retargeting_December,2806250,Paused,O-N4YG,Aviva_REM_Site REM_AD_CPA_DMP_DMP_RTB_Non-Existing Customers_Start Quote >24 Hours,9444753,Active,PCVX37,,NS CI Sales Confirm FL,167782,320217,Active,,GBP,0,0,0,0,7.00,0.000000
O-N4YG_2016_Aviva_Car Insurance_Non-Customers_Retargeting_December,2806250,Paused,O-N4YG,Aviva_REM_Site REM_AD_CPA_DMP_DMP_RTB_Non-Existing Customers_Start Quote >24 Hours_AV>50%,9444755,Active,PCVX37,,Total,,,,,GBP,91665,89990,57435,48,37.00,249.151779
O-N4YG_2016_Aviva_Car Insurance_Non-Customers_Retargeting_December,2806250,Paused,O-N4YG,Aviva_REM_Site REM_AD_CPA_DMP_DMP_RTB_Non-Existing Customers_Start Quote >24 Hours_AV>50%,9444755,Active,PCVX37,,NS CI Quote Confirm FL,167781,320216,Active,,GBP,0,0,0,0,37.00,0.000000
O-N4YG_2016_Aviva_Car Insurance_Non-Customers_Retargeting_December_5th,2814419,Paused,O-N4YG,Aviva_REM_Site REM_AD_CPA_DMP_DMP_RTB_Non-Existing Customers_Car Product Pages,9490320,Active,PCVX37,,Total,,,,,GBP,29929,28914,8816,10,18.00,58.515307
O-N4YG_2016_Aviva_Car Insurance_Non-Customers_Retargeting_December_5th,2814419,Paused,O-N4YG,Aviva_REM_Site REM_AD_CPA_DMP_DMP_RTB_Non-Existing Customers_Car Product Pages,9490320,Active,PCVX37,,NS CI Quote Confirm FL,167781,320216,Active,,GBP,0,0,0,0,18.00,0.000000
O-N4YG_2016_Aviva_Car Insurance_Non-Customers_Retargeting_December_5th,2814419,Paused,O-N4YG,Aviva_REM_Site REM_AD_CPA_DMP_DMP_RTB_Non-Existing Customers_Car Product Pages_AV>50%,9490321,Active,PCVX37,,Total,,,,,GBP,8104,7922,4928,4,0.00,16.071110
O-N4YG_2016_Aviva_Car Insurance_Non-Customers_Retargeting_December_5th,2814419,Paused,O-N4YG,Aviva_REM_Site REM_AD_CPA_DMP_DMP_RTB_Non-Existing Customers_End Quote 24 Hours,9490322,Active,PCVX37,,Total,,,,,GBP,177004,172143,58714,29,343.00,577.576461
O-N4YG_2016_Aviva_Car Insurance_Non-Customers_Retargeting_December_5th,2814419,Paused,O-N4YG,Aviva_REM_Site REM_AD_CPA_DMP_DMP_RTB_Non-Existing Customers_End Quote 24 Hours,9490322,Active,PCVX37,,NS CI Quote Confirm FL,167781,320216,Active,,GBP,0,0,0,0,312.00,0.000000
O-N4YG_2016_Aviva_Car Insurance_Non-Customers_Retargeting_December_5th,2814419,Paused,O-N4YG,Aviva_REM_Site REM_AD_CPA_DMP_DMP_RTB_Non-Existing Customers_End Quote 24 Hours,9490322,Active,PCVX37,,NS CI Sales Confirm FL,167782,320217,Active,,GBP,0,0,0,0,31.00,0.000000
O-N4YG_2016_Aviva_Car Insurance_Non-Customers_Retargeting_December_5th,2814419,Paused,O-N4YG,Aviva_REM_Site REM_AD_CPA_DMP_DMP_RTB_Non-Existing Customers_End Quote 24 Hours_AV>50%,9490323,Active,PCVX37,,Total,,,,,GBP,48475,47751,31066,23,72.00,164.081497
O-N4YG_2016_Aviva_Car Insurance_Non-Customers_Retargeting_December_5th,2814419,Paused,O-N4YG,Aviva_REM_Site REM_AD_CPA_DMP_DMP_RTB_Non-Existing Customers_End Quote 24 Hours_AV>50%,9490323,Active,PCVX37,,NS CI Quote Confirm FL,167781,320216,Active,,GBP,0,0,0,0,63.00,0.000000
O-N4YG_2016_Aviva_Car Insurance_Non-Customers_Retargeting_December_5th,2814419,Paused,O-N4YG,Aviva_REM_Site REM_AD_CPA_DMP_DMP_RTB_Non-Existing Customers_End Quote 24 Hours_AV>50%,9490323,Active,PCVX37,,NS CI Sales Confirm FL,167782,320217,Active,,GBP,0,0,0,0,9.00,0.000000
O-N4YG_2016_Aviva_Car Insurance_Non-Customers_Retargeting_December_5th,2814419,Paused,O-N4YG,Aviva_REM_Site REM_AD_CPA_DMP_DMP_RTB_Non-Existing Customers_End Quote 24-48 Hours,9490324,Active,PCVX37,,Total,,,,,GBP,10171,9821,2992,6,101.00,30.821713
O-N4YG_2016_Aviva_Car Insurance_Non-Customers_Retargeting_December_5th,2814419,Paused,O-N4YG,Aviva_REM_Site REM_AD_CPA_DMP_DMP_RTB_Non-Existing Customers_End Quote 24-48 Hours,9490324,Active,PCVX37,,NS CI Quote Confirm FL,167781,320216,Active,,GBP,0,0,0,0,99.00,0.000000
O-N4YG_2016_Aviva_Car Insurance_Non-Customers_Retargeting_December_5th,2814419,Paused,O-N4YG,Aviva_REM_Site REM_AD_CPA_DMP_DMP_RTB_Non-Existing Customers_End Quote 24-48 Hours,9490324,Active,PCVX37,,NS CI Sales Confirm FL,167782,320217,Active,,GBP,0,0,0,0,2.00,0.000000
O-N4YG_2016_Aviva_Car Insurance_Non-Customers_Retargeting_December_5th,2814419,Paused,O-N4YG,Aviva_REM_Site REM_AD_CPA_DMP_DMP_RTB_Non-Existing Customers_End Quote 24-48 Hours_AV>50%,9490325,Active,PCVX37,,Total,,,,,GBP,4481,4425,2779,1,16.00,15.476197
O-N4YG_2016_Aviva_Car Insurance_Non-Customers_Retargeting_December_5th,2814419,Paused,O-N4YG,Aviva_REM_Site REM_AD_CPA_DMP_DMP_RTB_Non-Existing Customers_End Quote 24-48 Hours_AV>50%,9490325,Active,PCVX37,,NS CI Quote Confirm FL,167781,320216,Active,,GBP,0,0,0,0,16.00,0.000000
O-N4YG_2016_Aviva_Car Insurance_Non-Customers_Retargeting_December_5th,2814419,Paused,O-N4YG,Aviva_REM_Site REM_AD_CPA_DMP_DMP_RTB_Non-Existing Customers_End Quote >48 Hours,9490326,Active,PCVX37,,Total,,,,,GBP,127930,120677,34421,10,124.00,262.411803
O-N4YG_2016_Aviva_Car Insurance_Non-Customers_Retargeting_December_5th,2814419,Paused,O-N4YG,Aviva_REM_Site REM_AD_CPA_DMP_DMP_RTB_Non-Existing Customers_End Quote >48 Hours,9490326,Active,PCVX37,,NS CI Quote Confirm FL,167781,320216,Active,,GBP,0,0,0,0,114.00,0.000000
O-N4YG_2016_Aviva_Car Insurance_Non-Customers_Retargeting_December_5th,2814419,Paused,O-N4YG,Aviva_REM_Site REM_AD_CPA_DMP_DMP_RTB_Non-Existing Customers_End Quote >48 Hours,9490326,Active,PCVX37,,NS CI Sales Confirm FL,167782,320217,Active,,GBP,0,0,0,0,10.00,0.000000
O-N4YG_2016_Aviva_Car Insurance_Non-Customers_Retargeting_December_5th,2814419,Paused,O-N4YG,Aviva_REM_Site REM_AD_CPA_DMP_DMP_RTB_Non-Existing Customers_End Quote >48 Hours_AV>50%,9490327,Active,PCVX37,,Total,,,,,GBP,127509,125141,79682,53,87.00,319.795144
O-N4YG_2016_Aviva_Car Insurance_Non-Customers_Retargeting_December_5th,2814419,Paused,O-N4YG,Aviva_REM_Site REM_AD_CPA_DMP_DMP_RTB_Non-Existing Customers_End Quote >48 Hours_AV>50%,9490327,Active,PCVX37,,NS CI Quote Confirm FL,167781,320216,Active,,GBP,0,0,0,0,80.00,0.000000
O-N4YG_2016_Aviva_Car Insurance_Non-Customers_Retargeting_December_5th,2814419,Paused,O-N4YG,Aviva_REM_Site REM_AD_CPA_DMP_DMP_RTB_Non-Existing Customers_End Quote >48 Hours_AV>50%,9490327,Active,PCVX37,,NS CI Sales Confirm FL,167782,320217,Active,,GBP,0,0,0,0,7.00,0.000000
O-N4YG_2016_Aviva_Car Insurance_Non-Customers_Retargeting_December_5th,2814419,Paused,O-N4YG,Aviva_REM_Site REM_AD_CPA_DMP_DMP_RTB_Non-Existing Customers_In Market,9490328,Active,PCVX37,BlueKai eXelate CrossPixel Lotame VisualDNA Eyeota SIRdata,Total,,,,,GBP,270,260,63,0,0.00,0.785710
O-N4YG_2016_Aviva_Car Insurance_Non-Customers_Retargeting_December_5th,2814419,Paused,O-N4YG,Aviva_REM_Site REM_AD_CPA_DMP_DMP_RTB_Non-Existing Customers_In Market_AV>50%,9490329,Active,PCVX37,BlueKai eXelate CrossPixel Lotame VisualDNA Eyeota SIRdata,Total,,,,,GBP,54,53,31,0,0.00,0.167161
O-N4YG_2016_Aviva_Car Insurance_Non-Customers_Retargeting_December_5th,2814419,Paused,O-N4YG,Aviva_REM_Site REM_AD_CPA_DMP_DMP_RTB_Non-Existing Customers_Start Quote 24 Hours,9490331,Active,PCVX37,,Total,,,,,GBP,89299,86802,27253,14,150.00,219.638597
O-N4YG_2016_Aviva_Car Insurance_Non-Customers_Retargeting_December_5th,2814419,Paused,O-N4YG,Aviva_REM_Site REM_AD_CPA_DMP_DMP_RTB_Non-Existing Customers_Start Quote 24 Hours,9490331,Active,PCVX37,,NS CI Quote Confirm FL,167781,320216,Active,,GBP,0,0,0,0,135.00,0.000000
O-N4YG_2016_Aviva_Car Insurance_Non-Customers_Retargeting_December_5th,2814419,Paused,O-N4YG,Aviva_REM_Site REM_AD_CPA_DMP_DMP_RTB_Non-Existing Customers_Start Quote 24 Hours,9490331,Active,PCVX37,,NS CI Sales Confirm FL,167782,320217,Active,,GBP,0,0,0,0,15.00,0.000000
O-N4YG_2016_Aviva_Car Insurance_Non-Customers_Retargeting_December_5th,2814419,Paused,O-N4YG,Aviva_REM_Site REM_AD_CPA_DMP_DMP_RTB_Non-Existing Customers_Start Quote 24 Hours_AV>50%,9490332,Active,PCVX37,,Total,,,,,GBP,21151,20767,13744,10,56.00,54.219299
O-N4YG_2016_Aviva_Car Insurance_Non-Customers_Retargeting_December_5th,2814419,Paused,O-N4YG,Aviva_REM_Site REM_AD_CPA_DMP_DMP_RTB_Non-Existing Customers_Start Quote 24 Hours_AV>50%,9490332,Active,PCVX37,,NS CI Quote Confirm FL,167781,320216,Active,,GBP,0,0,0,0,53.00,0.000000
O-N4YG_2016_Aviva_Car Insurance_Non-Customers_Retargeting_December_5th,2814419,Paused,O-N4YG,Aviva_REM_Site REM_AD_CPA_DMP_DMP_RTB_Non-Existing Customers_Start Quote 24 Hours_AV>50%,9490332,Active,PCVX37,,NS CI Sales Confirm FL,167782,320217,Active,,GBP,0,0,0,0,3.00,0.000000
O-N4YG_2016_Aviva_Car Insurance_Non-Customers_Retargeting_December_5th,2814419,Paused,O-N4YG,Aviva_REM_Site REM_AD_CPA_DMP_DMP_RTB_Non-Existing Customers_Start Quote >24 Hours,9490333,Active,PCVX37,,Total,,,,,GBP,88831,85915,26599,15,33.00,205.480494
O-N4YG_2016_Aviva_Car Insurance_Non-Customers_Retargeting_December_5th,2814419,Paused,O-N4YG,Aviva_REM_Site REM_AD_CPA_DMP_DMP_RTB_Non-Existing Customers_Start Quote >24 Hours,9490333,Active,PCVX37,,NS CI Quote Confirm FL,167781,320216,Active,,GBP,0,0,0,0,33.00,0.000000
O-N4YG_2016_Aviva_Car Insurance_Non-Customers_Retargeting_December_5th,2814419,Paused,O-N4YG,Aviva_REM_Site REM_AD_CPA_DMP_DMP_RTB_Non-Existing Customers_Start Quote >24 Hours_AV>50%,9490334,Active,PCVX37,,Total,,,,,GBP,120971,118725,78111,49,37.00,272.128617
O-N4YG_2016_Aviva_Car Insurance_Non-Customers_Retargeting_December_5th,2814419,Paused,O-N4YG,Aviva_REM_Site REM_AD_CPA_DMP_DMP_RTB_Non-Existing Customers_Start Quote >24 Hours_AV>50%,9490334,Active,PCVX37,,NS CI Quote Confirm FL,167781,320216,Active,,GBP,0,0,0,0,36.00,0.000000
O-N4YG_2016_Aviva_Car Insurance_Non-Customers_Retargeting_December_5th,2814419,Paused,O-N4YG,Aviva_REM_Site REM_AD_CPA_DMP_DMP_RTB_Non-Existing Customers_Start Quote >24 Hours_AV>50%,9490334,Active,PCVX37,,NS CI Sales Confirm FL,167782,320217,Active,,GBP,0,0,0,0,1.00,0.000000
O-N4YG_2016_Aviva_Car Insurance_Non-Customers_Retargeting_December_5th_AI,2814423,Paused,O-N4YG,Aviva_REM_Site REM_AD_CPA_DMP_DMP_RTB_Non-Existing Customers_Car Product Pages,9490369,Active,PCVX37,,Total,,,,,GBP,29085,28226,9218,7,7.00,65.381939
O-N4YG_2016_Aviva_Car Insurance_Non-Customers_Retargeting_December_5th_AI,2814423,Paused,O-N4YG,Aviva_REM_Site REM_AD_CPA_DMP_DMP_RTB_Non-Existing Customers_Car Product Pages,9490369,Active,PCVX37,,NS CI Quote Confirm FL,167781,320216,Active,,GBP,0,0,0,0,7.00,0.000000
O-N4YG_2016_Aviva_Car Insurance_Non-Customers_Retargeting_December_5th_AI,2814423,Paused,O-N4YG,Aviva_REM_Site REM_AD_CPA_DMP_DMP_RTB_Non-Existing Customers_Car Product Pages_AV>50%,9490370,Active,PCVX37,,Total,,,,,GBP,7617,7456,4718,7,2.00,18.704523
O-N4YG_2016_Aviva_Car Insurance_Non-Customers_Retargeting_December_5th_AI,2814423,Paused,O-N4YG,Aviva_REM_Site REM_AD_CPA_DMP_DMP_RTB_Non-Existing Customers_Car Product Pages_AV>50%,9490370,Active,PCVX37,,NS CI Quote Confirm FL,167781,320216,Active,,GBP,0,0,0,0,2.00,0.000000
O-N4YG_2016_Aviva_Car Insurance_Non-Customers_Retargeting_December_5th_AI,2814423,Paused,O-N4YG,Aviva_REM_Site REM_AD_CPA_DMP_DMP_RTB_Non-Existing Customers_End Quote 24 Hours,9490371,Active,PCVX37,,Total,,,,,GBP,84270,82140,24557,17,195.00,222.932277
O-N4YG_2016_Aviva_Car Insurance_Non-Customers_Retargeting_December_5th_AI,2814423,Paused,O-N4YG,Aviva_REM_Site REM_AD_CPA_DMP_DMP_RTB_Non-Existing Customers_End Quote 24 Hours,9490371,Active,PCVX37,,NS CI Quote Confirm FL,167781,320216,Active,,GBP,0,0,0,0,178.00,0.000000
O-N4YG_2016_Aviva_Car Insurance_Non-Customers_Retargeting_December_5th_AI,2814423,Paused,O-N4YG,Aviva_REM_Site REM_AD_CPA_DMP_DMP_RTB_Non-Existing Customers_End Quote 24 Hours,9490371,Active,PCVX37,,NS CI Sales Confirm FL,167782,320217,Active,,GBP,0,0,0,0,17.00,0.000000
O-N4YG_2016_Aviva_Car Insurance_Non-Customers_Retargeting_December_5th_AI,2814423,Paused,O-N4YG,Aviva_REM_Site REM_AD_CPA_DMP_DMP_RTB_Non-Existing Customers_End Quote 24 Hours_AV>50%,9490372,Active,PCVX37,,Total,,,,,GBP,17034,16665,10521,10,63.00,54.448181
O-N4YG_2016_Aviva_Car Insurance_Non-Customers_Retargeting_December_5th_AI,2814423,Paused,O-N4YG,Aviva_REM_Site REM_AD_CPA_DMP_DMP_RTB_Non-Existing Customers_End Quote 24 Hours_AV>50%,9490372,Active,PCVX37,,NS CI Quote Confirm FL,167781,320216,Active,,GBP,0,0,0,0,59.00,0.000000
O-N4YG_2016_Aviva_Car Insurance_Non-Customers_Retargeting_December_5th_AI,2814423,Paused,O-N4YG,Aviva_REM_Site REM_AD_CPA_DMP_DMP_RTB_Non-Existing Customers_End Quote 24 Hours_AV>50%,9490372,Active,PCVX37,,NS CI Sales Confirm FL,167782,320217,Active,,GBP,0,0,0,0,4.00,0.000000
O-N4YG_2016_Aviva_Car Insurance_Non-Customers_Retargeting_December_5th_AI,2814423,Paused,O-N4YG,Aviva_REM_Site REM_AD_CPA_DMP_DMP_RTB_Non-Existing Customers_End Quote 24-48 Hours,9490373,Active,PCVX37,,Total,,,,,GBP,8048,7847,2491,3,70.00,25.797054
O-N4YG_2016_Aviva_Car Insurance_Non-Customers_Retargeting_December_5th_AI,2814423,Paused,O-N4YG,Aviva_REM_Site REM_AD_CPA_DMP_DMP_RTB_Non-Existing Customers_End Quote 24-48 Hours,9490373,Active,PCVX37,,NS CI Quote Confirm FL,167781,320216,Active,,GBP,0,0,0,0,60.00,0.000000
O-N4YG_2016_Aviva_Car Insurance_Non-Customers_Retargeting_December_5th_AI,2814423,Paused,O-N4YG,Aviva_REM_Site REM_AD_CPA_DMP_DMP_RTB_Non-Existing Customers_End Quote 24-48 Hours,9490373,Active,PCVX37,,NS CI Sales Confirm FL,167782,320217,Active,,GBP,0,0,0,0,10.00,0.000000
O-N4YG_2016_Aviva_Car Insurance_Non-Customers_Retargeting_December_5th_AI,2814423,Paused,O-N4YG,Aviva_REM_Site REM_AD_CPA_DMP_DMP_RTB_Non-Existing Customers_End Quote 24-48 Hours_AV>50%,9490374,Active,PCVX37,,Total,,,,,GBP,1946,1903,1218,1,20.00,7.044397
O-N4YG_2016_Aviva_Car Insurance_Non-Customers_Retargeting_December_5th_AI,2814423,Paused,O-N4YG,Aviva_REM_Site REM_AD_CPA_DMP_DMP_RTB_Non-Existing Customers_End Quote 24-48 Hours_AV>50%,9490374,Active,PCVX37,,NS CI Quote Confirm FL,167781,320216,Active,,GBP,0,0,0,0,17.00,0.000000
O-N4YG_2016_Aviva_Car Insurance_Non-Customers_Retargeting_December_5th_AI,2814423,Paused,O-N4YG,Aviva_REM_Site REM_AD_CPA_DMP_DMP_RTB_Non-Existing Customers_End Quote 24-48 Hours_AV>50%,9490374,Active,PCVX37,,NS CI Sales Confirm FL,167782,320217,Active,,GBP,0,0,0,0,3.00,0.000000
O-N4YG_2016_Aviva_Car Insurance_Non-Customers_Retargeting_December_5th_AI,2814423,Paused,O-N4YG,Aviva_REM_Site REM_AD_CPA_DMP_DMP_RTB_Non-Existing Customers_End Quote >48 Hours,9490375,Active,PCVX37,,Total,,,,,GBP,216851,207392,65112,40,238.00,472.206066
O-N4YG_2016_Aviva_Car Insurance_Non-Customers_Retargeting_December_5th_AI,2814423,Paused,O-N4YG,Aviva_REM_Site REM_AD_CPA_DMP_DMP_RTB_Non-Existing Customers_End Quote >48 Hours,9490375,Active,PCVX37,,NS CI Quote Confirm FL,167781,320216,Active,,GBP,0,0,0,0,225.00,0.000000
O-N4YG_2016_Aviva_Car Insurance_Non-Customers_Retargeting_December_5th_AI,2814423,Paused,O-N4YG,Aviva_REM_Site REM_AD_CPA_DMP_DMP_RTB_Non-Existing Customers_End Quote >48 Hours,9490375,Active,PCVX37,,NS CI Sales Confirm FL,167782,320217,Active,,GBP,0,0,0,0,13.00,0.000000
O-N4YG_2016_Aviva_Car Insurance_Non-Customers_Retargeting_December_5th_AI,2814423,Paused,O-N4YG,Aviva_REM_Site REM_AD_CPA_DMP_DMP_RTB_Non-Existing Customers_End Quote >48 Hours_AV>50%,9490376,Active,PCVX37,,Total,,,,,GBP,89468,87472,52309,33,69.00,207.316446
O-N4YG_2016_Aviva_Car Insurance_Non-Customers_Retargeting_December_5th_AI,2814423,Paused,O-N4YG,Aviva_REM_Site REM_AD_CPA_DMP_DMP_RTB_Non-Existing Customers_End Quote >48 Hours_AV>50%,9490376,Active,PCVX37,,NS CI Quote Confirm FL,167781,320216,Active,,GBP,0,0,0,0,59.00,0.000000
O-N4YG_2016_Aviva_Car Insurance_Non-Customers_Retargeting_December_5th_AI,2814423,Paused,O-N4YG,Aviva_REM_Site REM_AD_CPA_DMP_DMP_RTB_Non-Existing Customers_End Quote >48 Hours_AV>50%,9490376,Active,PCVX37,,NS CI Sales Confirm FL,167782,320217,Active,,GBP,0,0,0,0,10.00,0.000000
O-N4YG_2016_Aviva_Car Insurance_Non-Customers_Retargeting_December_5th_AI,2814423,Paused,O-N4YG,Aviva_REM_Site REM_AD_CPA_DMP_DMP_RTB_Non-Existing Customers_In Market,9490377,Active,PCVX37,BlueKai eXelate CrossPixel Lotame VisualDNA Eyeota SIRdata,Total,,,,,GBP,265,254,79,0,0.00,0.828721
O-N4YG_2016_Aviva_Car Insurance_Non-Customers_Retargeting_December_5th_AI,2814423,Paused,O-N4YG,Aviva_REM_Site REM_AD_CPA_DMP_DMP_RTB_Non-Existing Customers_In Market_AV>50%,9490378,Active,PCVX37,BlueKai eXelate CrossPixel Lotame VisualDNA Eyeota SIRdata,Total,,,,,GBP,71,70,39,0,0.00,0.219173
O-N4YG_2016_Aviva_Car Insurance_Non-Customers_Retargeting_December_5th_AI,2814423,Paused,O-N4YG,Aviva_REM_Site REM_AD_CPA_DMP_DMP_RTB_Non-Existing Customers_Start Quote 24 Hours,9490379,Active,PCVX37,,Total,,,,,GBP,84345,81174,26883,33,144.00,292.992692
O-N4YG_2016_Aviva_Car Insurance_Non-Customers_Retargeting_December_5th_AI,2814423,Paused,O-N4YG,Aviva_REM_Site REM_AD_CPA_DMP_DMP_RTB_Non-Existing Customers_Start Quote 24 Hours,9490379,Active,PCVX37,,NS CI Quote Confirm FL,167781,320216,Active,,GBP,0,0,0,0,124.00,0.000000
O-N4YG_2016_Aviva_Car Insurance_Non-Customers_Retargeting_December_5th_AI,2814423,Paused,O-N4YG,Aviva_REM_Site REM_AD_CPA_DMP_DMP_RTB_Non-Existing Customers_Start Quote 24 Hours,9490379,Active,PCVX37,,NS CI Sales Confirm FL,167782,320217,Active,,GBP,0,0,0,0,20.00,0.000000
O-N4YG_2016_Aviva_Car Insurance_Non-Customers_Retargeting_December_5th_AI,2814423,Paused,O-N4YG,Aviva_REM_Site REM_AD_CPA_DMP_DMP_RTB_Non-Existing Customers_Start Quote 24 Hours_AV>50%,9490580,Active,PCVX37,,Total,,,,,GBP,20475,20140,12976,9,68.00,88.492724
O-N4YG_2016_Aviva_Car Insurance_Non-Customers_Retargeting_December_5th_AI,2814423,Paused,O-N4YG,Aviva_REM_Site REM_AD_CPA_DMP_DMP_RTB_Non-Existing Customers_Start Quote 24 Hours_AV>50%,9490580,Active,PCVX37,,NS CI Quote Confirm FL,167781,320216,Active,,GBP,0,0,0,0,56.00,0.000000
O-N4YG_2016_Aviva_Car Insurance_Non-Customers_Retargeting_December_5th_AI,2814423,Paused,O-N4YG,Aviva_REM_Site REM_AD_CPA_DMP_DMP_RTB_Non-Existing Customers_Start Quote 24 Hours_AV>50%,9490580,Active,PCVX37,,NS CI Sales Confirm FL,167782,320217,Active,,GBP,0,0,0,0,12.00,0.000000
O-N4YG_2016_Aviva_Car Insurance_Non-Customers_Retargeting_December_5th_AI,2814423,Paused,O-N4YG,Aviva_REM_Site REM_AD_CPA_DMP_DMP_RTB_Non-Existing Customers_Start Quote >24 Hours,9490581,Active,PCVX37,,Total,,,,,GBP,319054,304975,95087,53,110.00,723.879869
O-N4YG_2016_Aviva_Car Insurance_Non-Customers_Retargeting_December_5th_AI,2814423,Paused,O-N4YG,Aviva_REM_Site REM_AD_CPA_DMP_DMP_RTB_Non-Existing Customers_Start Quote >24 Hours,9490581,Active,PCVX37,,NS CI Quote Confirm FL,167781,320216,Active,,GBP,0,0,0,0,99.00,0.000000
O-N4YG_2016_Aviva_Car Insurance_Non-Customers_Retargeting_December_5th_AI,2814423,Paused,O-N4YG,Aviva_REM_Site REM_AD_CPA_DMP_DMP_RTB_Non-Existing Customers_Start Quote >24 Hours,9490581,Active,PCVX37,,NS CI Sales Confirm FL,167782,320217,Active,,GBP,0,0,0,0,11.00,0.000000
O-N4YG_2016_Aviva_Car Insurance_Non-Customers_Retargeting_December_5th_AI,2814423,Paused,O-N4YG,Aviva_REM_Site REM_AD_CPA_DMP_DMP_RTB_Non-Existing Customers_Start Quote >24 Hours_AV>50%,9490582,Active,PCVX37,,Total,,,,,GBP,84125,82342,49218,30,16.00,214.208371
O-N4YG_2016_Aviva_Car Insurance_Non-Customers_Retargeting_December_5th_AI,2814423,Paused,O-N4YG,Aviva_REM_Site REM_AD_CPA_DMP_DMP_RTB_Non-Existing Customers_Start Quote >24 Hours_AV>50%,9490582,Active,PCVX37,,NS CI Quote Confirm FL,167781,320216,Active,,GBP,0,0,0,0,16.00,0.000000
O-NR27_2017_Aviva_Car Insurance_Non-Customers_Retargeting_January,2886946,Active,O-NR27,Aviva_REM_Site REM_AD_CPA_DMP_DMP_RTB_Non-Existing Customers_Car Product Pages,9762195,Active,PCVX37,,Total,,,,,GBP,146603,141097,49488,70,70.00,241.251989
O-NR27_2017_Aviva_Car Insurance_Non-Customers_Retargeting_January,2886946,Active,O-NR27,Aviva_REM_Site REM_AD_CPA_DMP_DMP_RTB_Non-Existing Customers_Car Product Pages,9762195,Active,PCVX37,,NS CI Quote Confirm FL,167781,320216,Active,,GBP,0,0,0,0,67.00,0.000000
O-NR27_2017_Aviva_Car Insurance_Non-Customers_Retargeting_January,2886946,Active,O-NR27,Aviva_REM_Site REM_AD_CPA_DMP_DMP_RTB_Non-Existing Customers_Car Product Pages,9762195,Active,PCVX37,,NS CI Sales Confirm FL,167782,320217,Active,,GBP,0,0,0,0,3.00,0.000000
O-NR27_2017_Aviva_Car Insurance_Non-Customers_Retargeting_January,2886946,Active,O-NR27,Aviva_REM_Site REM_AD_CPA_DMP_DMP_RTB_Non-Existing Customers_Car Product Pages_AV>50%,9762196,Active,PCVX37,,Total,,,,,GBP,65612,64594,42370,48,31.00,109.770150
O-NR27_2017_Aviva_Car Insurance_Non-Customers_Retargeting_January,2886946,Active,O-NR27,Aviva_REM_Site REM_AD_CPA_DMP_DMP_RTB_Non-Existing Customers_Car Product Pages_AV>50%,9762196,Active,PCVX37,,NS CI Quote Confirm FL,167781,320216,Active,,GBP,0,0,0,0,28.00,0.000000
O-NR27_2017_Aviva_Car Insurance_Non-Customers_Retargeting_January,2886946,Active,O-NR27,Aviva_REM_Site REM_AD_CPA_DMP_DMP_RTB_Non-Existing Customers_Car Product Pages_AV>50%,9762196,Active,PCVX37,,NS CI Sales Confirm FL,167782,320217,Active,,GBP,0,0,0,0,3.00,0.000000
O-NR27_2017_Aviva_Car Insurance_Non-Customers_Retargeting_January,2886946,Active,O-NR27,Aviva_REM_Site REM_AD_CPA_DMP_DMP_RTB_Non-Existing Customers_End Quote 24 Hours,9762197,Active,PCVX37,,Total,,,,,GBP,701465,679808,286093,260,1443.00,2081.182855
O-NR27_2017_Aviva_Car Insurance_Non-Customers_Retargeting_January,2886946,Active,O-NR27,Aviva_REM_Site REM_AD_CPA_DMP_DMP_RTB_Non-Existing Customers_End Quote 24 Hours,9762197,Active,PCVX37,,NS CI Quote Confirm FL,167781,320216,Active,,GBP,0,0,0,0,1316.00,0.000000
O-NR27_2017_Aviva_Car Insurance_Non-Customers_Retargeting_January,2886946,Active,O-NR27,Aviva_REM_Site REM_AD_CPA_DMP_DMP_RTB_Non-Existing Customers_End Quote 24 Hours,9762197,Active,PCVX37,,NS CI Sales Confirm FL,167782,320217,Active,,GBP,0,0,0,0,127.00,0.000000
O-NR27_2017_Aviva_Car Insurance_Non-Customers_Retargeting_January,2886946,Active,O-NR27,Aviva_REM_Site REM_AD_CPA_DMP_DMP_RTB_Non-Existing Customers_End Quote 24 Hours_AV>50%,9762198,Active,PCVX37,,Total,,,,,GBP,101358,100155,67384,51,202.00,287.298745
O-NR27_2017_Aviva_Car Insurance_Non-Customers_Retargeting_January,2886946,Active,O-NR27,Aviva_REM_Site REM_AD_CPA_DMP_DMP_RTB_Non-Existing Customers_End Quote 24 Hours_AV>50%,9762198,Active,PCVX37,,NS CI Quote Confirm FL,167781,320216,Active,,GBP,0,0,0,0,174.00,0.000000
O-NR27_2017_Aviva_Car Insurance_Non-Customers_Retargeting_January,2886946,Active,O-NR27,Aviva_REM_Site REM_AD_CPA_DMP_DMP_RTB_Non-Existing Customers_End Quote 24 Hours_AV>50%,9762198,Active,PCVX37,,NS CI Sales Confirm FL,167782,320217,Active,,GBP,0,0,0,0,28.00,0.000000
O-NR27_2017_Aviva_Car Insurance_Non-Customers_Retargeting_January,2886946,Active,O-NR27,Aviva_REM_Site REM_AD_CPA_DMP_DMP_RTB_Non-Existing Customers_End Quote 24-48 Hours,9762199,Active,PCVX37,,Total,,,,,GBP,30926,29489,10154,12,221.00,83.984732
O-NR27_2017_Aviva_Car Insurance_Non-Customers_Retargeting_January,2886946,Active,O-NR27,Aviva_REM_Site REM_AD_CPA_DMP_DMP_RTB_Non-Existing Customers_End Quote 24-48 Hours,9762199,Active,PCVX37,,NS CI Quote Confirm FL,167781,320216,Active,,GBP,0,0,0,0,204.00,0.000000
O-NR27_2017_Aviva_Car Insurance_Non-Customers_Retargeting_January,2886946,Active,O-NR27,Aviva_REM_Site REM_AD_CPA_DMP_DMP_RTB_Non-Existing Customers_End Quote 24-48 Hours,9762199,Active,PCVX37,,NS CI Sales Confirm FL,167782,320217,Active,,GBP,0,0,0,0,17.00,0.000000
O-NR27_2017_Aviva_Car Insurance_Non-Customers_Retargeting_January,2886946,Active,O-NR27,Aviva_REM_Site REM_AD_CPA_DMP_DMP_RTB_Non-Existing Customers_End Quote 24-48 Hours_AV>50%,9762200,Active,PCVX37,,Total,,,,,GBP,20369,20087,13851,12,186.00,66.625325
O-NR27_2017_Aviva_Car Insurance_Non-Customers_Retargeting_January,2886946,Active,O-NR27,Aviva_REM_Site REM_AD_CPA_DMP_DMP_RTB_Non-Existing Customers_End Quote 24-48 Hours_AV>50%,9762200,Active,PCVX37,,NS CI Quote Confirm FL,167781,320216,Active,,GBP,0,0,0,0,169.00,0.000000
O-NR27_2017_Aviva_Car Insurance_Non-Customers_Retargeting_January,2886946,Active,O-NR27,Aviva_REM_Site REM_AD_CPA_DMP_DMP_RTB_Non-Existing Customers_End Quote 24-48 Hours_AV>50%,9762200,Active,PCVX37,,NS CI Sales Confirm FL,167782,320217,Active,,GBP,0,0,0,0,17.00,0.000000
O-NR27_2017_Aviva_Car Insurance_Non-Customers_Retargeting_January,2886946,Active,O-NR27,Aviva_REM_Site REM_AD_CPA_DMP_DMP_RTB_Non-Existing Customers_End Quote >48 Hours,9762201,Active,PCVX37,,Total,,,,,GBP,1026060,971042,299898,163,572.00,1800.389545
O-NR27_2017_Aviva_Car Insurance_Non-Customers_Retargeting_January,2886946,Active,O-NR27,Aviva_REM_Site REM_AD_CPA_DMP_DMP_RTB_Non-Existing Customers_End Quote >48 Hours,9762201,Active,PCVX37,,NS CI Quote Confirm FL,167781,320216,Active,,GBP,0,0,0,0,527.00,0.000000
O-NR27_2017_Aviva_Car Insurance_Non-Customers_Retargeting_January,2886946,Active,O-NR27,Aviva_REM_Site REM_AD_CPA_DMP_DMP_RTB_Non-Existing Customers_End Quote >48 Hours,9762201,Active,PCVX37,,NS CI Sales Confirm FL,167782,320217,Active,,GBP,0,0,0,0,45.00,0.000000
O-NR27_2017_Aviva_Car Insurance_Non-Customers_Retargeting_January,2886946,Active,O-NR27,Aviva_REM_Site REM_AD_CPA_DMP_DMP_RTB_Non-Existing Customers_End Quote >48 Hours_AV>50%,9762202,Active,PCVX37,,Total,,,,,GBP,555465,547059,370556,214,244.00,1220.813088
O-NR27_2017_Aviva_Car Insurance_Non-Customers_Retargeting_January,2886946,Active,O-NR27,Aviva_REM_Site REM_AD_CPA_DMP_DMP_RTB_Non-Existing Customers_End Quote >48 Hours_AV>50%,9762202,Active,PCVX37,,NS CI Quote Confirm FL,167781,320216,Active,,GBP,0,0,0,0,217.00,0.000000
O-NR27_2017_Aviva_Car Insurance_Non-Customers_Retargeting_January,2886946,Active,O-NR27,Aviva_REM_Site REM_AD_CPA_DMP_DMP_RTB_Non-Existing Customers_End Quote >48 Hours_AV>50%,9762202,Active,PCVX37,,NS CI Sales Confirm FL,167782,320217,Active,,GBP,0,0,0,0,27.00,0.000000
O-NR27_2017_Aviva_Car Insurance_Non-Customers_Retargeting_January,2886946,Active,O-NR27,Aviva_REM_Site REM_AD_CPA_DMP_DMP_RTB_Non-Existing Customers_In Market,9762203,Active,PCVX37,BlueKai eXelate CrossPixel Lotame VisualDNA Eyeota SIRdata,Total,,,,,GBP,1504,1469,450,1,0.00,3.920860
O-NR27_2017_Aviva_Car Insurance_Non-Customers_Retargeting_January,2886946,Active,O-NR27,Aviva_REM_Site REM_AD_CPA_DMP_DMP_RTB_Non-Existing Customers_In Market_AV>50%,9762204,Active,PCVX37,BlueKai eXelate CrossPixel Lotame VisualDNA Eyeota SIRdata,Total,,,,,GBP,637,630,385,0,1.00,1.898853
O-NR27_2017_Aviva_Car Insurance_Non-Customers_Retargeting_January,2886946,Active,O-NR27,Aviva_REM_Site REM_AD_CPA_DMP_DMP_RTB_Non-Existing Customers_In Market_AV>50%,9762204,Active,PCVX37,BlueKai eXelate CrossPixel Lotame VisualDNA Eyeota SIRdata,NS CI Quote Confirm FL,167781,320216,Active,,GBP,0,0,0,0,1.00,0.000000
O-NR27_2017_Aviva_Car Insurance_Non-Customers_Retargeting_January,2886946,Active,O-NR27,Aviva_REM_Site REM_AD_CPA_DMP_DMP_RTB_Non-Existing Customers_Start Quote 24 Hours,9762205,Active,PCVX37,,Total,,,,,GBP,366394,354456,119905,97,517.00,795.030166
O-NR27_2017_Aviva_Car Insurance_Non-Customers_Retargeting_January,2886946,Active,O-NR27,Aviva_REM_Site REM_AD_CPA_DMP_DMP_RTB_Non-Existing Customers_Start Quote 24 Hours,9762205,Active,PCVX37,,NS CI Quote Confirm FL,167781,320216,Active,,GBP,0,0,0,0,463.00,0.000000
O-NR27_2017_Aviva_Car Insurance_Non-Customers_Retargeting_January,2886946,Active,O-NR27,Aviva_REM_Site REM_AD_CPA_DMP_DMP_RTB_Non-Existing Customers_Start Quote 24 Hours,9762205,Active,PCVX37,,NS CI Sales Confirm FL,167782,320217,Active,,GBP,0,0,0,0,54.00,0.000000
O-NR27_2017_Aviva_Car Insurance_Non-Customers_Retargeting_January,2886946,Active,O-NR27,Aviva_REM_Site REM_AD_CPA_DMP_DMP_RTB_Non-Existing Customers_Start Quote 24 Hours_AV>50%,9762206,Active,PCVX37,,Total,,,,,GBP,72583,71528,48389,58,107.00,163.815737
O-NR27_2017_Aviva_Car Insurance_Non-Customers_Retargeting_January,2886946,Active,O-NR27,Aviva_REM_Site REM_AD_CPA_DMP_DMP_RTB_Non-Existing Customers_Start Quote 24 Hours_AV>50%,9762206,Active,PCVX37,,NS CI Quote Confirm FL,167781,320216,Active,,GBP,0,0,0,0,102.00,0.000000
O-NR27_2017_Aviva_Car Insurance_Non-Customers_Retargeting_January,2886946,Active,O-NR27,Aviva_REM_Site REM_AD_CPA_DMP_DMP_RTB_Non-Existing Customers_Start Quote 24 Hours_AV>50%,9762206,Active,PCVX37,,NS CI Sales Confirm FL,167782,320217,Active,,GBP,0,0,0,0,5.00,0.000000
O-NR27_2017_Aviva_Car Insurance_Non-Customers_Retargeting_January,2886946,Active,O-NR27,Aviva_REM_Site REM_AD_CPA_DMP_DMP_RTB_Non-Existing Customers_Start Quote >24 Hours,9762207,Active,PCVX37,,Total,,,,,GBP,582959,555432,189329,101,152.00,1125.989267
O-NR27_2017_Aviva_Car Insurance_Non-Customers_Retargeting_January,2886946,Active,O-NR27,Aviva_REM_Site REM_AD_CPA_DMP_DMP_RTB_Non-Existing Customers_Start Quote >24 Hours,9762207,Active,PCVX37,,NS CI Quote Confirm FL,167781,320216,Active,,GBP,0,0,0,0,146.00,0.000000
O-NR27_2017_Aviva_Car Insurance_Non-Customers_Retargeting_January,2886946,Active,O-NR27,Aviva_REM_Site REM_AD_CPA_DMP_DMP_RTB_Non-Existing Customers_Start Quote >24 Hours,9762207,Active,PCVX37,,NS CI Sales Confirm FL,167782,320217,Active,,GBP,0,0,0,0,6.00,0.000000
O-NR27_2017_Aviva_Car Insurance_Non-Customers_Retargeting_January,2886946,Active,O-NR27,Aviva_REM_Site REM_AD_CPA_DMP_DMP_RTB_Non-Existing Customers_Start Quote >24 Hours_AV>50%,9762208,Active,PCVX37,,Total,,,,,GBP,585488,576261,379939,202,153.00,1190.642872
O-NR27_2017_Aviva_Car Insurance_Non-Customers_Retargeting_January,2886946,Active,O-NR27,Aviva_REM_Site REM_AD_CPA_DMP_DMP_RTB_Non-Existing Customers_Start Quote >24 Hours_AV>50%,9762208,Active,PCVX37,,NS CI Quote Confirm FL,167781,320216,Active,,GBP,0,0,0,0,146.00,0.000000
O-NR27_2017_Aviva_Car Insurance_Non-Customers_Retargeting_January,2886946,Active,O-NR27,Aviva_REM_Site REM_AD_CPA_DMP_DMP_RTB_Non-Existing Customers_Start Quote >24 Hours_AV>50%,9762208,Active,PCVX37,,NS CI Sales Confirm FL,167782,320217,Active,,GBP,0,0,0,0,7.00,0.000000
O-NR27_2017_Aviva_Car Insurance_Non-Customers_Retargeting_January,2886946,Active,O-NR27,Aviva_REM_Activity REM_AD_CPA_RTB_MSN takeover_In Market,9780841,Active,PCVX37,BlueKai eXelate CrossPixel Lotame VisualDNA Eyeota SIRdata,Total,,,,,GBP,170418,167051,58112,22,30.00,430.981260
O-NR27_2017_Aviva_Car Insurance_Non-Customers_Retargeting_January,2886946,Active,O-NR27,Aviva_REM_Activity REM_AD_CPA_RTB_MSN takeover_In Market,9780841,Active,PCVX37,BlueKai eXelate CrossPixel Lotame VisualDNA Eyeota SIRdata,NS CI Quote Confirm FL,167781,320216,Active,,GBP,0,0,0,0,25.00,0.000000
O-NR27_2017_Aviva_Car Insurance_Non-Customers_Retargeting_January,2886946,Active,O-NR27,Aviva_REM_Activity REM_AD_CPA_RTB_MSN takeover_In Market,9780841,Active,PCVX37,BlueKai eXelate CrossPixel Lotame VisualDNA Eyeota SIRdata,NS CI Sales Confirm FL,167782,320217,Active,,GBP,0,0,0,0,5.00,0.000000
O-NR27_2017_Aviva_Car Insurance_Non-Customers_Retargeting_January,2886946,Active,O-NR27,Aviva_REM_Activity REM_AD_CPA_RTB_MSN takeover_In Market_AV>50%,9780842,Active,PCVX37,BlueKai eXelate CrossPixel Lotame VisualDNA Eyeota SIRdata,Total,,,,,GBP,387381,383299,239570,131,84.00,1122.306907
O-NR27_2017_Aviva_Car Insurance_Non-Customers_Retargeting_January,2886946,Active,O-NR27,Aviva_REM_Activity REM_AD_CPA_RTB_MSN takeover_In Market_AV>50%,9780842,Active,PCVX37,BlueKai eXelate CrossPixel Lotame VisualDNA Eyeota SIRdata,NS CI Quote Confirm FL,167781,320216,Active,,GBP,0,0,0,0,79.00,0.000000
O-NR27_2017_Aviva_Car Insurance_Non-Customers_Retargeting_January,2886946,Active,O-NR27,Aviva_REM_Activity REM_AD_CPA_RTB_MSN takeover_In Market_AV>50%,9780842,Active,PCVX37,BlueKai eXelate CrossPixel Lotame VisualDNA Eyeota SIRdata,NS CI Sales Confirm FL,167782,320217,Active,,GBP,0,0,0,0,5.00,0.000000
,,,,,,,,,,,,,,,11175011,10865435,5124248,3395,11036.00,28764.642840

Report Time:,2017/02/07 17:49 GMT
Date Range:,2016/02/08 to 2017/02/06
Group By:,Insertion Order
Group By:,Insertion Order ID
Group By:,Insertion Order Status
Group By:,Insertion Order Integration Code
Group By:,Line Item
Group By:,Line Item ID
Group By:,Line Item Status
Group By:,Line Item Integration Code
Group By:,Targeted Data Providers
Group By:,Conversion Pixel
Group By:,Conversion Pixel ID
Group By:,Conversion Pixel DCM ID
Group By:,Conversion Pixel Status
Group By:,Conversion Pixel Integration Code
Group By:,Advertiser Currency
Filter by Advertiser ID:,3601
Filter by Insertion Order ID:,2712512,2806250,2814419,2814423,2886946
Filter by Partner ID:,151
